episode,episode_reward
1,232.0
2,589.0
3,216.0
4,225.0
5,1022.0
6,594.0
7,636.0
8,232.0
9,634.0
10,600.0
11,726.0
12,1000.0
13,738.0
14,933.0
15,232.0
16,603.0
17,1267.0
18,1182.0
19,636.0
20,739.0
21,596.0
22,1038.0
23,232.0
24,764.0
25,634.0
26,863.0
27,232.0
28,232.0
29,767.0
30,232.0
31,607.0
32,675.0
33,801.0
34,722.0
35,1284.0
36,634.0
37,613.0
38,620.0
39,222.0
40,619.0
41,633.0
42,1194.0
43,603.0
44,1242.0
45,1000.0
46,994.0
47,633.0
48,232.0
49,609.0
50,599.0
51,1011.0
52,629.0
53,595.0
54,1248.0
55,735.0
56,783.0
57,232.0
58,618.0
59,232.0
60,1226.0
61,1032.0
62,222.0
63,232.0
64,225.0
65,782.0
66,225.0
67,581.0
68,1248.0
69,764.0
70,594.0
71,630.0
72,633.0
73,789.0
74,904.0
75,912.0
76,951.0
77,742.0
78,1237.0
79,1008.0
80,747.0
81,1024.0
82,616.0
83,1269.0
84,1159.0
85,1008.0
86,618.0
87,232.0
88,232.0
89,749.0
90,1243.0
91,216.0
92,1299.0
93,614.0
94,232.0
95,695.0
96,728.0
97,635.0
98,589.0
99,232.0
100,989.0
101,222.0
102,745.0
103,744.0
104,619.0
105,631.0
106,232.0
107,760.0
108,590.0
109,777.0
110,676.0
111,632.0
112,1033.0
113,955.0
114,633.0
115,585.0
116,593.0
117,232.0
118,232.0
119,634.0
120,1005.0
121,225.0
122,731.0
123,232.0
124,1014.0
125,232.0
126,858.0
127,730.0
128,929.0
129,634.0
130,225.0
131,952.0
132,646.0
133,232.0
134,634.0
135,954.0
136,603.0
137,608.0
138,232.0
139,1008.0
140,968.0
141,1248.0
142,232.0
143,232.0
144,955.0
145,1278.0
146,1271.0
147,764.0
148,1258.0
149,232.0
150,232.0
151,225.0
152,232.0
153,232.0
154,1261.0
155,588.0
156,232.0
157,1283.0
158,1276.0
159,782.0
160,232.0
161,621.0
162,1294.0
163,603.0
164,1011.0
165,225.0
166,618.0
167,1231.0
168,232.0
169,1372.0
170,629.0
171,232.0
172,222.0
173,608.0
174,232.0
175,757.0
176,1251.0
177,232.0
178,599.0
179,716.0
180,603.0
181,561.0
182,591.0
183,676.0
184,765.0
185,990.0
186,1018.0
187,579.0
188,622.0
189,1527.0
190,232.0
191,807.0
192,737.0
193,619.0
194,631.0
195,973.0
196,1012.0
197,976.0
198,679.0
199,1261.0
200,614.0
201,1227.0
202,994.0
203,1340.0
204,216.0
205,232.0
206,232.0
207,232.0
208,615.0
209,958.0
210,634.0
211,789.0
212,729.0
213,785.0
214,1000.0
215,631.0
216,1285.0
217,634.0
218,223.0
219,1267.0
220,622.0
221,1224.0
222,232.0
223,599.0
224,676.0
225,635.0
226,232.0
227,619.0
228,682.0
229,1035.0
230,1022.0
231,803.0
232,690.0
233,223.0
234,632.0
235,217.0
236,232.0
237,634.0
238,232.0
239,727.0
240,1013.0
241,232.0
242,618.0
243,731.0
244,636.0
245,954.0
246,615.0
247,1251.0
248,1015.0
249,232.0
250,892.0
251,970.0
252,1008.0
253,841.0
254,223.0
255,911.0
256,232.0
257,593.0
258,596.0
259,994.0
260,232.0
261,962.0
262,789.0
263,577.0
264,599.0
265,1015.0
266,950.0
267,232.0
268,225.0
269,630.0
270,572.0
271,574.0
272,1219.0
273,232.0
274,1272.0
275,1003.0
276,679.0
277,1252.0
278,968.0
279,621.0
280,599.0
281,885.0
282,232.0
283,1287.0
284,586.0
285,1108.0
286,593.0
287,595.0
288,601.0
289,610.0
290,634.0
291,788.0
292,740.0
293,633.0
294,635.0
295,582.0
296,596.0
297,768.0
298,735.0
299,676.0
300,622.0
301,756.0
302,622.0
303,888.0
304,995.0
305,632.0
306,597.0
307,1234.0
308,779.0
309,630.0
310,764.0
311,765.0
312,1225.0
313,580.0
314,839.0
315,232.0
316,595.0
317,602.0
318,232.0
319,616.0
320,731.0
321,588.0
322,635.0
323,741.0
324,634.0
325,635.0
326,591.0
327,232.0
328,222.0
329,783.0
330,620.0
331,1220.0
332,903.0
333,587.0
334,2904.0
335,577.0
336,232.0
337,688.0
338,1541.0
339,622.0
340,635.0
341,697.0
342,635.0
343,980.0
344,1019.0
345,232.0
346,676.0
347,590.0
348,232.0
349,588.0
350,232.0
351,745.0
352,971.0
353,744.0
354,216.0
355,225.0
356,616.0
357,790.0
358,978.0
359,799.0
360,931.0
361,732.0
362,232.0
363,989.0
364,1254.0
365,590.0
366,1020.0
367,598.0
368,759.0
369,597.0
370,760.0
371,636.0
372,617.0
373,634.0
374,1185.0
375,634.0
376,955.0
377,965.0
378,767.0
379,216.0
380,232.0
381,990.0
382,636.0
383,223.0
384,232.0
385,634.0
386,579.0
387,960.0
388,596.0
389,636.0
390,1289.0
391,984.0
392,607.0
393,232.0
394,1298.0
395,603.0
396,225.0
397,689.0
398,1001.0
399,1284.0
400,602.0
401,633.0
402,232.0
403,772.0
404,1294.0
405,691.0
406,762.0
407,615.0
408,632.0
409,610.0
410,1205.0
411,232.0
412,1001.0
413,771.0
414,1630.0
415,232.0
416,617.0
417,787.0
418,1009.0
419,614.0
420,1250.0
421,232.0
422,1164.0
423,633.0
424,623.0
425,592.0
426,809.0
427,959.0
428,232.0
429,631.0
430,740.0
431,1031.0
432,1238.0
433,722.0
434,232.0
435,1297.0
436,715.0
437,232.0
438,719.0
439,621.0
440,611.0
441,232.0
442,995.0
443,752.0
444,744.0
445,216.0
446,1008.0
447,1003.0
448,1241.0
449,633.0
450,1202.0
451,998.0
452,602.0
453,570.0
454,633.0
455,934.0
456,1293.0
457,798.0
458,1009.0
459,631.0
460,698.0
461,232.0
462,232.0
463,717.0
464,632.0
465,232.0
466,1034.0
467,232.0
468,634.0
469,595.0
470,722.0
471,225.0
472,631.0
473,634.0
474,633.0
475,1527.0
476,225.0
477,232.0
478,232.0
479,778.0
480,599.0
481,594.0
482,232.0
483,216.0
484,1025.0
485,1264.0
486,1271.0
487,232.0
488,732.0
489,1270.0
490,599.0
491,1270.0
492,595.0
493,232.0
494,585.0
495,776.0
496,232.0
497,232.0
498,634.0
499,225.0
500,610.0
501,635.0
502,1007.0
503,616.0
504,670.0
505,216.0
506,732.0
507,805.0
508,232.0
509,1008.0
510,1269.0
511,232.0
512,984.0
513,1240.0
514,781.0
515,726.0
516,619.0
517,1183.0
518,957.0
519,634.0
520,636.0
521,804.0
522,216.0
523,606.0
524,875.0
525,610.0
526,1272.0
527,223.0
528,684.0
529,741.0
530,232.0
531,746.0
532,232.0
533,807.0
534,715.0
535,232.0
536,633.0
537,1005.0
538,1343.0
539,692.0
540,689.0
541,775.0
542,1001.0
543,726.0
544,232.0
545,621.0
546,1273.0
547,1027.0
548,941.0
549,232.0
550,232.0
551,1005.0
552,1259.0
553,998.0
554,736.0
555,232.0
556,633.0
557,804.0
558,910.0
559,604.0
560,1589.0
561,633.0
562,581.0
563,718.0
564,710.0
565,232.0
566,1280.0
567,1232.0
568,621.0
569,232.0
570,225.0
571,224.0
572,756.0
573,607.0
574,609.0
575,633.0
576,1045.0
577,965.0
578,717.0
579,818.0
580,598.0
581,1034.0
582,1011.0
583,588.0
584,1251.0
585,701.0
586,1006.0
587,232.0
588,611.0
589,636.0
590,583.0
591,232.0
592,959.0
593,1286.0
594,232.0
595,1209.0
596,631.0
597,724.0
598,586.0
599,715.0
600,611.0
601,633.0
602,578.0
603,951.0
604,1037.0
605,1003.0
606,953.0
607,615.0
608,1299.0
609,985.0
610,600.0
611,974.0
612,232.0
613,622.0
614,1040.0
615,232.0
616,965.0
617,636.0
618,789.0
619,985.0
620,623.0
621,635.0
622,999.0
623,1351.0
624,630.0
625,685.0
626,963.0
627,580.0
628,718.0
629,634.0
630,1283.0
631,952.0
632,232.0
633,622.0
634,634.0
635,780.0
636,232.0
637,232.0
638,752.0
639,1280.0
640,232.0
641,762.0
642,592.0
643,919.0
644,225.0
645,965.0
646,636.0
647,635.0
648,580.0
649,836.0
650,760.0
651,999.0
652,588.0
653,718.0
654,768.0
655,712.0
656,611.0
657,701.0
658,676.0
659,632.0
660,603.0
661,705.0
662,1252.0
663,612.0
664,632.0
665,985.0
666,232.0
667,1183.0
668,632.0
669,942.0
670,614.0
671,1193.0
672,1230.0
673,611.0
674,1015.0
675,225.0
676,232.0
677,664.0
678,1658.0
679,803.0
680,223.0
681,632.0
682,657.0
683,232.0
684,1042.0
685,601.0
686,636.0
687,592.0
688,953.0
689,603.0
690,728.0
691,634.0
692,232.0
693,594.0
694,579.0
695,725.0
696,725.0
697,443.0
698,232.0
699,232.0
700,582.0
701,801.0
702,969.0
703,1287.0
704,636.0
705,1247.0
706,1003.0
707,232.0
708,776.0
709,634.0
710,908.0
711,635.0
712,754.0
713,603.0
714,232.0
715,666.0
716,1014.0
717,1247.0
718,785.0
719,584.0
720,232.0
721,746.0
722,614.0
723,232.0
724,232.0
725,635.0
726,803.0
727,780.0
728,697.0
729,779.0
730,1261.0
731,1198.0
732,232.0
733,665.0
734,232.0
735,225.0
736,1275.0
737,232.0
738,683.0
739,773.0
740,223.0
741,232.0
742,232.0
743,225.0
744,232.0
745,232.0
746,232.0
747,588.0
748,1246.0
749,223.0
750,594.0
751,608.0
752,615.0
753,634.0
754,634.0
755,1590.0
756,1004.0
757,1191.0
758,635.0
759,776.0
760,232.0
761,968.0
762,636.0
763,232.0
764,1287.0
765,1020.0
766,610.0
767,761.0
768,1295.0
769,1275.0
770,913.0
771,581.0
772,666.0
773,636.0
774,1021.0
775,975.0
776,636.0
777,1266.0
778,611.0
779,1299.0
780,739.0
781,705.0
782,223.0
783,1226.0
784,945.0
785,615.0
786,1040.0
787,892.0
788,636.0
789,1027.0
790,232.0
791,957.0
792,600.0
793,613.0
794,628.0
795,621.0
796,232.0
797,232.0
798,959.0
799,581.0
800,672.0
801,232.0
802,232.0
803,232.0
804,1241.0
805,633.0
806,690.0
807,1564.0
808,673.0
809,1231.0
810,599.0
811,1195.0
812,232.0
813,232.0
814,630.0
815,980.0
816,1022.0
817,635.0
818,232.0
819,882.0
820,585.0
821,595.0
822,860.0
823,594.0
824,784.0
825,232.0
826,633.0
827,596.0
828,1279.0
829,1261.0
830,667.0
831,225.0
832,1177.0
833,1017.0
834,588.0
835,216.0
836,1182.0
837,694.0
838,740.0
839,225.0
840,962.0
841,223.0
842,216.0
843,936.0
844,731.0
845,783.0
846,632.0
847,647.0
848,631.0
849,633.0
850,622.0
851,656.0
852,225.0
853,1175.0
854,633.0
855,708.0
856,995.0
857,580.0
858,232.0
859,232.0
860,636.0
861,784.0
862,700.0
863,769.0
864,232.0
865,787.0
866,1019.0
867,1008.0
868,973.0
869,634.0
870,636.0
871,217.0
872,630.0
873,636.0
874,608.0
875,767.0
876,980.0
877,710.0
878,582.0
879,717.0
880,1202.0
881,608.0
882,691.0
883,779.0
884,719.0
885,746.0
886,661.0
887,696.0
888,1005.0
889,711.0
890,1310.0
891,232.0
892,1210.0
893,628.0
894,1219.0
895,232.0
896,1284.0
897,756.0
898,1292.0
899,831.0
900,803.0
901,232.0
902,764.0
903,620.0
904,771.0
905,670.0
906,634.0
907,716.0
908,232.0
909,586.0
910,634.0
911,603.0
912,232.0
913,232.0
914,790.0
915,232.0
916,232.0
917,926.0
918,618.0
919,997.0
920,996.0
921,990.0
922,232.0
923,692.0
924,1256.0
925,779.0
926,704.0
927,685.0
928,232.0
929,997.0
930,232.0
931,216.0
932,598.0
933,1036.0
934,752.0
935,913.0
936,743.0
937,634.0
938,973.0
939,1057.0
940,232.0
941,693.0
942,683.0
943,693.0
944,966.0
945,809.0
946,232.0
947,1293.0
948,804.0
949,1007.0
950,1026.0
951,605.0
952,636.0
953,1293.0
954,776.0
955,1005.0
956,725.0
957,801.0
958,711.0
959,979.0
960,697.0
961,750.0
962,232.0
963,232.0
964,743.0
965,620.0
966,1153.0
967,232.0
968,585.0
969,631.0
970,590.0
971,232.0
972,636.0
973,600.0
974,881.0
975,754.0
976,676.0
977,805.0
978,1021.0
979,633.0
980,1013.0
981,808.0
982,736.0
983,585.0
984,225.0
985,633.0
986,1223.0
987,752.0
988,688.0
989,634.0
990,698.0
991,634.0
992,631.0
993,608.0
994,222.0
995,232.0
996,742.0
997,1288.0
998,612.0
999,753.0
1000,1003.0
1001,632.0
1002,1016.0
1003,1250.0
1004,999.0
1005,995.0
1006,232.0
1007,788.0
1008,1002.0
1009,779.0
1010,730.0
1011,995.0
1012,684.0
1013,766.0
1014,1023.0
1015,1029.0
1016,912.0
1017,720.0
1018,232.0
1019,1032.0
1020,771.0
1021,232.0
1022,622.0
1023,634.0
1024,766.0
1025,602.0
1026,232.0
1027,216.0
1028,232.0
1029,995.0
1030,984.0
1031,1254.0
1032,222.0
1033,583.0
1034,927.0
1035,634.0
1036,636.0
1037,608.0
1038,232.0
1039,1157.0
1040,611.0
1041,1014.0
1042,621.0
1043,622.0
1044,1269.0
1045,630.0
1046,593.0
1047,763.0
1048,610.0
1049,603.0
1050,978.0
1051,635.0
1052,2268.0
1053,610.0
1054,758.0
1055,728.0
1056,1280.0
1057,582.0
1058,744.0
1059,232.0
1060,634.0
1061,582.0
1062,970.0
1063,770.0
1064,1278.0
1065,630.0
1066,711.0
1067,232.0
1068,608.0
1069,1386.0
1070,1526.0
1071,1032.0
1072,986.0
1073,223.0
1074,738.0
1075,608.0
1076,1263.0
1077,983.0
1078,634.0
1079,1221.0
1080,950.0
1081,1041.0
1082,633.0
1083,1027.0
1084,1286.0
1085,1286.0
1086,636.0
1087,720.0
1088,1260.0
1089,232.0
1090,1010.0
1091,1271.0
1092,1375.0
1093,973.0
1094,1023.0
1095,593.0
1096,738.0
1097,605.0
1098,764.0
1099,223.0
1100,636.0
1101,632.0
1102,575.0
1103,944.0
1104,1259.0
1105,751.0
1106,1009.0
1107,1230.0
1108,617.0
1109,232.0
1110,232.0
1111,1241.0
1112,232.0
1113,1021.0
1114,232.0
1115,590.0
1116,636.0
1117,579.0
1118,1002.0
1119,628.0
1120,744.0
1121,600.0
1122,618.0
1123,232.0
1124,232.0
1125,766.0
1126,633.0
1127,636.0
1128,634.0
1129,588.0
1130,1023.0
1131,636.0
1132,948.0
1133,1004.0
1134,981.0
1135,803.0
1136,1287.0
1137,690.0
1138,1225.0
1139,616.0
1140,1017.0
1141,1165.0
1142,1034.0
1143,216.0
1144,232.0
1145,1039.0
1146,1309.0
1147,750.0
1148,1249.0
1149,1370.0
1150,779.0
1151,993.0
1152,787.0
1153,1268.0
1154,631.0
1155,709.0
1156,741.0
1157,632.0
1158,1295.0
1159,225.0
1160,612.0
1161,596.0
1162,802.0
1163,1273.0
1164,1291.0
1165,222.0
1166,634.0
1167,634.0
1168,798.0
1169,594.0
1170,636.0
1171,574.0
1172,225.0
1173,225.0
1174,632.0
1175,665.0
1176,603.0
1177,232.0
1178,985.0
1179,756.0
1180,752.0
1181,955.0
1182,822.0
1183,633.0
1184,1785.0
1185,1015.0
1186,636.0
1187,802.0
1188,232.0
1189,1032.0
1190,1159.0
1191,613.0
1192,1015.0
1193,695.0
1194,596.0
1195,634.0
1196,793.0
1197,1259.0
1198,632.0
1199,612.0
1200,232.0
1201,593.0
1202,748.0
1203,1011.0
1204,585.0
1205,635.0
1206,603.0
1207,716.0
1208,1222.0
1209,2304.0
1210,635.0
1211,772.0
1212,608.0
1213,1001.0
1214,631.0
1215,605.0
1216,782.0
1217,1237.0
1218,596.0
1219,970.0
1220,232.0
1221,959.0
1222,604.0
1223,1210.0
1224,790.0
1225,587.0
1226,1018.0
1227,781.0
1228,749.0
1229,225.0
1230,917.0
1231,1163.0
1232,599.0
1233,748.0
1234,232.0
1235,1263.0
1236,636.0
1237,715.0
1238,587.0
1239,223.0
1240,604.0
1241,621.0
1242,1816.0
1243,634.0
1244,216.0
1245,585.0
1246,232.0
1247,232.0
1248,608.0
1249,222.0
1250,225.0
1251,967.0
1252,977.0
1253,744.0
1254,747.0
1255,632.0
1256,975.0
1257,603.0
1258,634.0
1259,807.0
1260,634.0
1261,1298.0
1262,953.0
1263,232.0
1264,632.0
1265,582.0
1266,1287.0
1267,633.0
1268,992.0
1269,232.0
1270,776.0
1271,1217.0
1272,232.0
1273,583.0
1274,636.0
1275,809.0
1276,1018.0
1277,1017.0
1278,1300.0
1279,634.0
1280,232.0
1281,1403.0
1282,635.0
1283,225.0
1284,704.0
1285,731.0
1286,225.0
1287,1010.0
1288,991.0
1289,973.0
1290,232.0
1291,1315.0
1292,589.0
1293,232.0
1294,696.0
1295,898.0
1296,634.0
1297,232.0
1298,232.0
1299,1011.0
1300,614.0
1301,1303.0
1302,634.0
1303,679.0
1304,232.0
1305,678.0
1306,691.0
1307,1299.0
1308,1240.0
1309,600.0
1310,1225.0
1311,742.0
1312,621.0
1313,633.0
1314,991.0
1315,1290.0
1316,780.0
1317,1385.0
1318,786.0
1319,602.0
1320,610.0
1321,636.0
1322,791.0
1323,1295.0
1324,651.0
1325,983.0
1326,225.0
1327,232.0
1328,1023.0
1329,1282.0
1330,603.0
1331,232.0
1332,633.0
1333,720.0
1334,232.0
1335,1039.0
1336,714.0
1337,720.0
1338,1757.0
1339,634.0
1340,968.0
1341,1032.0
1342,232.0
1343,784.0
1344,596.0
1345,232.0
1346,1016.0
1347,630.0
1348,1005.0
1349,1243.0
1350,1006.0
1351,1589.0
1352,232.0
1353,636.0
1354,744.0
1355,607.0
1356,1272.0
1357,702.0
1358,1470.0
1359,731.0
1360,1292.0
1361,232.0
1362,1240.0
1363,630.0
1364,630.0
1365,232.0
1366,784.0
1367,232.0
1368,232.0
1369,714.0
1370,939.0
1371,794.0
1372,583.0
1373,594.0
1374,748.0
1375,1188.0
1376,1244.0
1377,690.0
1378,232.0
1379,577.0
1380,1016.0
1381,1276.0
1382,603.0
1383,1023.0
1384,232.0
1385,616.0
1386,216.0
1387,766.0
1388,748.0
1389,232.0
1390,685.0
1391,223.0
1392,1830.0
1393,633.0
1394,232.0
1395,616.0
1396,1238.0
1397,742.0
1398,216.0
1399,1019.0
1400,232.0
1401,225.0
1402,232.0
1403,695.0
1404,232.0
1405,616.0
1406,710.0
1407,1022.0
1408,992.0
1409,597.0
1410,971.0
1411,577.0
1412,636.0
1413,1262.0
1414,225.0
1415,584.0
1416,993.0
1417,614.0
1418,232.0
1419,806.0
1420,1160.0
1421,636.0
1422,622.0
1423,616.0
1424,1212.0
1425,633.0
1426,623.0
1427,1012.0
1428,760.0
1429,766.0
1430,806.0
1431,232.0
1432,931.0
1433,1020.0
1434,675.0
1435,634.0
1436,1289.0
1437,1189.0
1438,232.0
1439,1309.0
1440,617.0
1441,633.0
1442,736.0
1443,1799.0
1444,782.0
1445,232.0
1446,715.0
1447,640.0
1448,593.0
1449,752.0
1450,1293.0
1451,232.0
1452,807.0
1453,997.0
1454,976.0
1455,634.0
1456,232.0
1457,988.0
1458,1288.0
1459,584.0
1460,232.0
1461,790.0
1462,1657.0
1463,633.0
1464,232.0
1465,1259.0
1466,660.0
1467,596.0
1468,1251.0
1469,232.0
1470,587.0
1471,585.0
1472,1248.0
1473,912.0
1474,738.0
1475,1031.0
1476,1024.0
1477,232.0
1478,718.0
1479,621.0
1480,632.0
1481,801.0
1482,1348.0
1483,990.0
1484,1661.0
1485,976.0
1486,614.0
1487,232.0
1488,634.0
1489,634.0
1490,1010.0
1491,232.0
1492,606.0
1493,232.0
1494,965.0
1495,622.0
1496,631.0
1497,635.0
1498,608.0
1499,1204.0
1500,742.0
1501,952.0
1502,232.0
1503,908.0
1504,1289.0
1505,636.0
1506,1767.0
1507,1017.0
1508,1016.0
1509,232.0
1510,232.0
1511,791.0
1512,222.0
1513,636.0
1514,983.0
1515,583.0
1516,1030.0
1517,232.0
1518,634.0
1519,962.0
1520,232.0
1521,633.0
1522,607.0
1523,636.0
1524,596.0
1525,232.0
1526,630.0
1527,1009.0
1528,759.0
1529,619.0
1530,1226.0
1531,1012.0
1532,1018.0
1533,584.0
1534,717.0
1535,606.0
1536,1013.0
1537,1289.0
1538,1272.0
1539,222.0
1540,629.0
1541,1020.0
1542,990.0
1543,634.0
1544,959.0
1545,1004.0
1546,634.0
1547,589.0
1548,636.0
1549,769.0
1550,611.0
1551,217.0
1552,232.0
1553,765.0
1554,225.0
1555,232.0
1556,742.0
1557,729.0
1558,950.0
1559,232.0
1560,232.0
1561,634.0
1562,938.0
1563,1064.0
1564,1811.0
1565,766.0
1566,1302.0
1567,633.0
1568,1279.0
1569,583.0
1570,713.0
1571,767.0
1572,636.0
1573,232.0
1574,741.0
1575,604.0
1576,1267.0
1577,794.0
1578,594.0
1579,633.0
1580,1383.0
1581,1026.0
1582,596.0
1583,1285.0
1584,780.0
1585,1279.0
1586,943.0
1587,1283.0
1588,232.0
1589,634.0
1590,634.0
1591,232.0
1592,1316.0
1593,947.0
1594,575.0
1595,632.0
1596,1892.0
1597,232.0
1598,603.0
1599,982.0
1600,995.0
1601,691.0
1602,1385.0
1603,232.0
1604,699.0
1605,602.0
1606,807.0
1607,1014.0
1608,636.0
1609,1004.0
1610,232.0
1611,1286.0
1612,1257.0
1613,778.0
1614,232.0
1615,1225.0
1616,621.0
1617,636.0
1618,1027.0
1619,743.0
1620,608.0
1621,1018.0
1622,714.0
1623,1008.0
1624,809.0
1625,1006.0
1626,692.0
1627,232.0
1628,774.0
1629,1175.0
1630,584.0
1631,1026.0
1632,634.0
1633,232.0
1634,232.0
1635,980.0
1636,1005.0
1637,598.0
1638,634.0
1639,605.0
1640,1290.0
1641,608.0
1642,633.0
1643,1203.0
1644,232.0
1645,635.0
1646,634.0
1647,1037.0
1648,659.0
1649,1007.0
1650,232.0
1651,724.0
1652,232.0
1653,864.0
1654,225.0
1655,699.0
1656,630.0
1657,993.0
1658,1004.0
1659,759.0
1660,232.0
1661,2290.0
1662,616.0
1663,225.0
1664,982.0
1665,636.0
1666,798.0
1667,804.0
1668,760.0
1669,1292.0
1670,1272.0
1671,622.0
1672,768.0
1673,801.0
1674,636.0
1675,590.0
1676,232.0
1677,636.0
1678,934.0
1679,608.0
1680,2299.0
1681,232.0
1682,776.0
1683,232.0
1684,990.0
1685,987.0
1686,223.0
1687,704.0
1688,635.0
1689,600.0
1690,776.0
1691,608.0
1692,741.0
1693,232.0
1694,958.0
1695,1235.0
1696,1282.0
1697,597.0
1698,633.0
1699,588.0
1700,600.0
1701,232.0
1702,702.0
1703,733.0
1704,232.0
1705,1293.0
1706,1304.0
1707,597.0
1708,232.0
1709,622.0
1710,716.0
1711,596.0
1712,636.0
1713,232.0
1714,590.0
1715,980.0
1716,989.0
1717,588.0
1718,591.0
1719,995.0
1720,601.0
1721,593.0
1722,1305.0
1723,596.0
1724,232.0
1725,969.0
1726,1271.0
1727,232.0
1728,718.0
1729,630.0
1730,1025.0
1731,1020.0
1732,727.0
1733,595.0
1734,632.0
1735,1012.0
1736,620.0
1737,232.0
1738,636.0
1739,779.0
1740,232.0
1741,633.0
1742,1012.0
1743,1026.0
1744,620.0
1745,711.0
1746,1004.0
1747,874.0
1748,216.0
1749,757.0
1750,1013.0
1751,1006.0
1752,636.0
1753,589.0
1754,225.0
1755,969.0
1756,713.0
1757,977.0
1758,738.0
1759,603.0
1760,632.0
1761,232.0
1762,636.0
1763,597.0
1764,788.0
1765,791.0
1766,1016.0
1767,232.0
1768,216.0
1769,635.0
1770,808.0
1771,582.0
1772,232.0
1773,1257.0
1774,225.0
1775,1028.0
1776,616.0
1777,1285.0
1778,598.0
1779,1297.0
1780,225.0
1781,1298.0
1782,616.0
1783,1814.0
1784,607.0
1785,1173.0
1786,225.0
1787,647.0
1788,662.0
1789,691.0
1790,990.0
1791,588.0
1792,990.0
1793,232.0
1794,616.0
1795,1265.0
1796,216.0
1797,904.0
1798,742.0
1799,652.0
1800,636.0
1801,621.0
1802,216.0
1803,1118.0
1804,589.0
1805,619.0
1806,614.0
1807,225.0
1808,588.0
1809,636.0
1810,630.0
1811,1019.0
1812,631.0
1813,1020.0
1814,232.0
1815,1254.0
1816,752.0
1817,696.0
1818,944.0
1819,747.0
1820,610.0
1821,931.0
1822,745.0
1823,987.0
1824,704.0
1825,977.0
1826,1035.0
1827,998.0
1828,608.0
1829,607.0
1830,603.0
1831,1262.0
1832,965.0
1833,636.0
1834,683.0
1835,713.0
1836,232.0
1837,587.0
1838,1302.0
1839,1015.0
1840,232.0
1841,621.0
1842,1851.0
1843,604.0
1844,232.0
1845,752.0
1846,232.0
1847,1304.0
1848,973.0
1849,633.0
1850,1023.0
1851,607.0
1852,232.0
1853,708.0
1854,1035.0
1855,596.0
1856,705.0
1857,1309.0
1858,632.0
1859,590.0
1860,599.0
1861,634.0
1862,658.0
1863,1027.0
1864,730.0
1865,610.0
1866,998.0
1867,992.0
1868,1310.0
1869,636.0
1870,634.0
1871,225.0
1872,603.0
1873,1380.0
1874,687.0
1875,232.0
1876,620.0
1877,1239.0
1878,949.0
1879,805.0
1880,932.0
1881,1013.0
1882,636.0
1883,789.0
1884,594.0
1885,715.0
1886,222.0
1887,731.0
1888,635.0
1889,1241.0
1890,634.0
1891,616.0
1892,697.0
1893,1256.0
1894,1024.0
1895,217.0
1896,232.0
1897,232.0
1898,656.0
1899,232.0
1900,787.0
1901,1030.0
1902,232.0
1903,222.0
1904,927.0
1905,217.0
1906,632.0
1907,232.0
1908,1848.0
1909,1023.0
1910,232.0
1911,596.0
1912,1290.0
1913,1779.0
1914,578.0
1915,703.0
1916,620.0
1917,795.0
1918,1007.0
1919,1031.0
1920,1375.0
1921,616.0
1922,763.0
1923,232.0
1924,631.0
1925,232.0
1926,786.0
1927,1016.0
1928,610.0
1929,636.0
1930,1008.0
1931,787.0
1932,622.0
1933,1043.0
1934,623.0
1935,225.0
1936,764.0
1937,636.0
1938,232.0
1939,636.0
1940,1255.0
1941,623.0
1942,634.0
1943,754.0
1944,1281.0
1945,975.0
1946,232.0
1947,599.0
1948,582.0
1949,803.0
1950,669.0
1951,1031.0
1952,1325.0
1953,631.0
1954,995.0
1955,1011.0
1956,603.0
1957,704.0
1958,617.0
1959,901.0
1960,1268.0
1961,600.0
1962,622.0
1963,232.0
1964,232.0
1965,232.0
1966,940.0
1967,222.0
1968,747.0
1969,636.0
1970,711.0
1971,994.0
1972,733.0
1973,958.0
1974,807.0
1975,1513.0
1976,232.0
1977,742.0
1978,636.0
1979,232.0
1980,1206.0
1981,985.0
1982,1265.0
1983,787.0
1984,725.0
1985,583.0
1986,1032.0
1987,588.0
1988,735.0
1989,636.0
1990,991.0
1991,1005.0
1992,599.0
1993,704.0
1994,619.0
1995,596.0
1996,608.0
1997,599.0
1998,600.0
1999,599.0
2000,593.0
2001,1253.0
2002,991.0
2003,1001.0
2004,622.0
2005,636.0
2006,1033.0
2007,232.0
2008,733.0
2009,1235.0
2010,1578.0
2011,636.0
2012,225.0
2013,1286.0
2014,583.0
2015,232.0
2016,1261.0
2017,632.0
2018,596.0
2019,636.0
2020,586.0
2021,603.0
2022,721.0
2023,1234.0
2024,630.0
2025,1190.0
2026,2328.0
2027,610.0
2028,597.0
2029,629.0
2030,634.0
2031,1005.0
2032,232.0
2033,995.0
2034,232.0
2035,596.0
2036,1282.0
2037,232.0
2038,232.0
2039,232.0
2040,634.0
2041,897.0
2042,1568.0
2043,1288.0
2044,635.0
2045,593.0
2046,1294.0
2047,963.0
2048,225.0
2049,775.0
2050,758.0
2051,1241.0
2052,947.0
2053,812.0
2054,1022.0
2055,715.0
2056,1181.0
2057,635.0
2058,232.0
2059,611.0
2060,223.0
2061,990.0
2062,1111.0
2063,995.0
2064,616.0
2065,940.0
2066,985.0
2067,636.0
2068,1296.0
2069,745.0
2070,223.0
2071,603.0
2072,1294.0
2073,1016.0
2074,605.0
2075,633.0
2076,619.0
2077,789.0
2078,232.0
2079,582.0
2080,768.0
2081,1197.0
2082,583.0
2083,630.0
2084,980.0
2085,1251.0
2086,1253.0
2087,767.0
2088,988.0
2089,232.0
2090,232.0
2091,2987.0
2092,974.0
2093,1016.0
2094,634.0
2095,876.0
2096,788.0
2097,712.0
2098,634.0
2099,1099.0
2100,739.0
2101,987.0
2102,1235.0
2103,810.0
2104,776.0
2105,630.0
2106,632.0
2107,714.0
2108,796.0
2109,636.0
2110,784.0
2111,997.0
2112,711.0
2113,758.0
2114,686.0
2115,635.0
2116,1044.0
2117,605.0
2118,591.0
2119,1295.0
2120,635.0
2121,635.0
2122,582.0
2123,1398.0
2124,591.0
2125,989.0
2126,741.0
2127,232.0
2128,958.0
2129,786.0
2130,1036.0
2131,706.0
2132,631.0
2133,1261.0
2134,1295.0
2135,1020.0
2136,607.0
2137,1020.0
2138,619.0
2139,217.0
2140,1291.0
2141,1243.0
2142,1184.0
2143,232.0
2144,232.0
2145,946.0
2146,631.0
2147,805.0
2148,232.0
2149,630.0
2150,232.0
2151,1817.0
2152,232.0
2153,809.0
2154,232.0
2155,1200.0
2156,696.0
2157,631.0
2158,232.0
2159,1014.0
2160,622.0
2161,225.0
2162,232.0
2163,739.0
2164,1273.0
2165,1264.0
2166,232.0
2167,1278.0
2168,974.0
2169,809.0
2170,596.0
2171,698.0
2172,1230.0
2173,917.0
2174,1276.0
2175,753.0
2176,712.0
2177,634.0
2178,636.0
2179,774.0
2180,232.0
2181,1283.0
2182,916.0
2183,744.0
2184,726.0
2185,1027.0
2186,930.0
2187,1274.0
2188,1262.0
2189,719.0
2190,232.0
2191,678.0
2192,734.0
2193,632.0
2194,596.0
2195,718.0
2196,721.0
2197,622.0
2198,232.0
2199,610.0
2200,1298.0
2201,617.0
2202,1290.0
2203,987.0
2204,620.0
2205,952.0
2206,225.0
2207,719.0
2208,1003.0
2209,600.0
2210,738.0
2211,216.0
2212,718.0
2213,1018.0
2214,603.0
2215,1200.0
2216,1279.0
2217,634.0
2218,599.0
2219,1106.0
2220,805.0
2221,614.0
2222,1009.0
2223,225.0
2224,232.0
2225,790.0
2226,725.0
2227,736.0
2228,1283.0
2229,1238.0
2230,610.0
2231,706.0
2232,994.0
2233,232.0
2234,1255.0
2235,745.0
2236,633.0
2237,232.0
2238,1255.0
2239,788.0
2240,951.0
2241,668.0
2242,634.0
2243,232.0
2244,633.0
2245,803.0
2246,216.0
2247,807.0
2248,1271.0
2249,585.0
2250,232.0
2251,1241.0
2252,1042.0
2253,955.0
2254,696.0
2255,1181.0
2256,970.0
2257,705.0
2258,622.0
2259,232.0
2260,636.0
2261,1005.0
2262,574.0
2263,656.0
2264,1005.0
2265,232.0
2266,576.0
2267,713.0
2268,1223.0
2269,723.0
2270,634.0
2271,634.0
2272,743.0
2273,635.0
2274,1275.0
2275,232.0
2276,745.0
2277,1000.0
2278,607.0
2279,1009.0
2280,789.0
2281,981.0
2282,809.0
2283,593.0
2284,589.0
2285,595.0
2286,1213.0
2287,732.0
2288,1010.0
2289,232.0
2290,613.0
2291,232.0
2292,773.0
2293,1233.0
2294,982.0
2295,764.0
2296,576.0
2297,1274.0
2298,746.0
2299,1880.0
2300,1269.0
2301,1270.0
2302,582.0
2303,634.0
2304,232.0
2305,596.0
2306,605.0
2307,591.0
2308,595.0
2309,783.0
2310,717.0
2311,217.0
2312,1036.0
2313,628.0
2314,958.0
2315,946.0
2316,232.0
2317,641.0
2318,635.0
2319,232.0
2320,3009.0
2321,743.0
2322,232.0
2323,232.0
2324,232.0
2325,232.0
2326,709.0
2327,800.0
2328,225.0
2329,941.0
2330,759.0
2331,223.0
2332,596.0
2333,632.0
2334,988.0
2335,633.0
2336,1351.0
2337,1297.0
2338,764.0
2339,232.0
2340,232.0
2341,790.0
2342,1022.0
2343,766.0
2344,947.0
2345,633.0
2346,223.0
2347,603.0
2348,232.0
2349,634.0
2350,1142.0
2351,1019.0
2352,778.0
2353,1033.0
2354,608.0
2355,1026.0
2356,623.0
2357,591.0
2358,711.0
2359,619.0
2360,232.0
2361,603.0
2362,1302.0
2363,1218.0
2364,1009.0
2365,604.0
2366,657.0
2367,223.0
2368,1040.0
2369,232.0
2370,232.0
2371,1007.0
2372,804.0
2373,634.0
2374,1235.0
2375,1021.0
2376,632.0
2377,633.0
2378,591.0
2379,622.0
2380,790.0
2381,616.0
2382,232.0
2383,1016.0
2384,803.0
2385,992.0
2386,1667.0
2387,971.0
2388,680.0
2389,588.0
2390,580.0
2391,715.0
2392,1019.0
2393,767.0
2394,985.0
2395,1017.0
2396,1288.0
2397,794.0
2398,632.0
2399,232.0
2400,614.0
2401,696.0
2402,633.0
2403,623.0
2404,622.0
2405,1218.0
2406,788.0
2407,608.0
2408,1028.0
2409,232.0
2410,1028.0
2411,232.0
2412,993.0
2413,1040.0
2414,1303.0
2415,1233.0
2416,782.0
2417,986.0
2418,1388.0
2419,223.0
2420,232.0
2421,617.0
2422,631.0
2423,1042.0
2424,1294.0
2425,647.0
2426,232.0
2427,1058.0
2428,687.0
2429,1027.0
2430,978.0
2431,1033.0
2432,599.0
2433,746.0
2434,1259.0
2435,636.0
2436,803.0
2437,1492.0
2438,1256.0
2439,667.0
2440,605.0
2441,620.0
2442,636.0
2443,917.0
2444,622.0
2445,225.0
2446,930.0
2447,785.0
2448,1018.0
2449,1458.0
2450,222.0
2451,1038.0
2452,636.0
2453,1268.0
2454,733.0
2455,634.0
2456,222.0
2457,1017.0
2458,807.0
2459,617.0
2460,223.0
2461,1260.0
2462,1258.0
2463,634.0
2464,705.0
2465,1003.0
2466,634.0
2467,684.0
2468,800.0
2469,1007.0
2470,1309.0
2471,1024.0
2472,603.0
2473,1325.0
2474,784.0
2475,232.0
2476,599.0
2477,587.0
2478,603.0
2479,232.0
2480,736.0
2481,633.0
2482,586.0
2483,715.0
2484,591.0
2485,232.0
2486,621.0
2487,232.0
2488,930.0
2489,615.0
2490,634.0
2491,232.0
2492,620.0
2493,1022.0
2494,1023.0
2495,787.0
2496,1019.0
2497,1023.0
2498,1004.0
2499,591.0
2500,807.0
2501,712.0
2502,785.0
2503,597.0
2504,739.0
2505,232.0
2506,232.0
2507,1010.0
2508,232.0
2509,582.0
2510,232.0
2511,854.0
2512,1273.0
2513,1234.0
2514,634.0
2515,232.0
2516,761.0
2517,956.0
2518,216.0
2519,754.0
2520,869.0
2521,1855.0
2522,797.0
2523,631.0
2524,1258.0
2525,960.0
2526,1031.0
2527,630.0
2528,1273.0
2529,608.0
2530,979.0
2531,1284.0
2532,216.0
2533,223.0
2534,1293.0
2535,735.0
2536,749.0
2537,1006.0
2538,1270.0
2539,596.0
2540,715.0
2541,635.0
2542,232.0
2543,232.0
2544,592.0
2545,1038.0
2546,789.0
2547,995.0
2548,620.0
2549,608.0
2550,225.0
2551,632.0
2552,1222.0
2553,786.0
2554,748.0
2555,1258.0
2556,807.0
2557,712.0
2558,588.0
2559,1287.0
2560,615.0
2561,742.0
2562,232.0
2563,1225.0
2564,920.0
2565,798.0
2566,750.0
2567,733.0
2568,232.0
2569,734.0
2570,763.0
2571,606.0
2572,607.0
2573,633.0
2574,1307.0
2575,582.0
2576,972.0
2577,232.0
2578,2241.0
2579,216.0
2580,1646.0
2581,945.0
2582,634.0
2583,979.0
2584,1297.0
2585,785.0
2586,1309.0
2587,232.0
2588,630.0
2589,959.0
2590,727.0
2591,1002.0
2592,978.0
2593,672.0
2594,803.0
2595,225.0
2596,635.0
2597,622.0
2598,602.0
2599,635.0
2600,1124.0
2601,595.0
2602,597.0
2603,633.0
2604,769.0
2605,709.0
2606,232.0
2607,232.0
2608,232.0
2609,785.0
2610,789.0
2611,729.0
2612,223.0
2613,1259.0
2614,636.0
2615,784.0
2616,725.0
2617,1006.0
2618,611.0
2619,666.0
2620,776.0
2621,1274.0
2622,782.0
2623,1496.0
2624,232.0
2625,988.0
2626,692.0
2627,1234.0
2628,1407.0
2629,225.0
2630,232.0
2631,232.0
2632,616.0
2633,636.0
2634,978.0
2635,968.0
2636,1019.0
2637,1288.0
2638,232.0
2639,225.0
2640,991.0
2641,1279.0
2642,770.0
2643,588.0
2644,232.0
2645,1264.0
2646,606.0
2647,742.0
2648,952.0
2649,706.0
2650,232.0
2651,604.0
2652,761.0
2653,1285.0
2654,232.0
2655,695.0
2656,1579.0
2657,787.0
2658,636.0
2659,232.0
2660,619.0
2661,1262.0
2662,1013.0
2663,1245.0
2664,1007.0
2665,633.0
2666,1038.0
2667,981.0
2668,1279.0
2669,636.0
2670,600.0
2671,794.0
2672,635.0
2673,971.0
2674,1293.0
2675,590.0
2676,1383.0
2677,612.0
2678,232.0
2679,616.0
2680,1026.0
2681,998.0
2682,232.0
2683,636.0
2684,968.0
2685,1019.0
2686,1299.0
2687,636.0
2688,1045.0
2689,742.0
2690,636.0
2691,232.0
2692,595.0
2693,730.0
2694,232.0
2695,616.0
2696,1241.0
2697,804.0
2698,636.0
2699,1283.0
2700,232.0
2701,632.0
2702,966.0
2703,232.0
2704,633.0
2705,232.0
2706,1035.0
2707,780.0
2708,636.0
2709,605.0
2710,232.0
2711,1029.0
2712,1016.0
2713,223.0
2714,587.0
2715,222.0
2716,1017.0
2717,1003.0
2718,634.0
2719,754.0
2720,1268.0
2721,608.0
2722,712.0
2723,777.0
2724,232.0
2725,1395.0
2726,602.0
2727,633.0
2728,601.0
2729,589.0
2730,579.0
2731,1033.0
2732,216.0
2733,1012.0
2734,727.0
2735,614.0
2736,1282.0
2737,787.0
2738,1269.0
2739,1305.0
2740,970.0
2741,725.0
2742,782.0
2743,1232.0
2744,807.0
2745,232.0
2746,632.0
2747,603.0
2748,636.0
2749,633.0
2750,1306.0
2751,591.0
2752,1262.0
2753,1005.0
2754,1036.0
2755,631.0
2756,1271.0
2757,689.0
2758,636.0
2759,1279.0
2760,232.0
2761,232.0
2762,1362.0
2763,2538.0
2764,1007.0
2765,622.0
2766,1295.0
2767,1232.0
2768,1029.0
2769,635.0
2770,1010.0
2771,706.0
2772,222.0
2773,1048.0
2774,232.0
2775,630.0
2776,969.0
2777,621.0
2778,971.0
2779,620.0
2780,1286.0
2781,596.0
2782,622.0
2783,1272.0
2784,632.0
2785,632.0
2786,2318.0
2787,1401.0
2788,636.0
2789,805.0
2790,1017.0
2791,619.0
2792,634.0
2793,596.0
2794,772.0
2795,616.0
2796,734.0
2797,576.0
2798,1281.0
2799,592.0
2800,232.0
2801,635.0
2802,1012.0
2803,772.0
2804,710.0
2805,232.0
2806,1290.0
2807,1217.0
2808,616.0
2809,664.0
2810,623.0
2811,634.0
2812,631.0
2813,1007.0
2814,232.0
2815,232.0
2816,619.0
2817,633.0
2818,232.0
2819,1005.0
2820,986.0
2821,232.0
2822,1015.0
2823,622.0
2824,1018.0
2825,1004.0
2826,223.0
2827,1300.0
2828,636.0
2829,723.0
2830,1297.0
2831,634.0
2832,1393.0
2833,800.0
2834,695.0
2835,739.0
2836,975.0
2837,1283.0
2838,1023.0
2839,222.0
2840,635.0
2841,621.0
2842,630.0
2843,711.0
2844,1283.0
2845,1232.0
2846,594.0
2847,935.0
2848,709.0
2849,1259.0
2850,752.0
2851,614.0
2852,223.0
2853,635.0
2854,677.0
2855,787.0
2856,1270.0
2857,1295.0
2858,1011.0
2859,991.0
2860,232.0
2861,1014.0
2862,1249.0
2863,631.0
2864,775.0
2865,591.0
2866,1375.0
2867,232.0
2868,808.0
2869,776.0
2870,1504.0
2871,598.0
2872,232.0
2873,616.0
2874,636.0
2875,232.0
2876,1243.0
2877,232.0
2878,980.0
2879,610.0
2880,232.0
2881,1314.0
2882,982.0
2883,715.0
2884,634.0
2885,216.0
2886,588.0
2887,992.0
2888,223.0
2889,632.0
2890,1235.0
2891,1016.0
2892,232.0
2893,805.0
2894,710.0
2895,232.0
2896,1147.0
2897,633.0
2898,610.0
2899,222.0
2900,707.0
2901,745.0
2902,634.0
2903,1257.0
2904,698.0
2905,1267.0
2906,232.0
2907,1030.0
2908,616.0
2909,3011.0
2910,786.0
2911,225.0
2912,232.0
2913,1284.0
2914,222.0
2915,1018.0
2916,611.0
2917,232.0
2918,1274.0
2919,636.0
2920,216.0
2921,580.0
2922,1306.0
2923,1016.0
2924,1311.0
2925,700.0
2926,634.0
2927,772.0
2928,222.0
2929,232.0
2930,1018.0
2931,580.0
2932,636.0
2933,805.0
2934,635.0
2935,774.0
2936,2093.0
2937,636.0
2938,232.0
2939,1238.0
2940,634.0
2941,223.0
2942,1309.0
2943,634.0
2944,1288.0
2945,633.0
2946,701.0
2947,615.0
2948,610.0
2949,1777.0
2950,601.0
2951,786.0
2952,232.0
2953,1033.0
2954,996.0
2955,610.0
2956,609.0
2957,1216.0
2958,634.0
2959,3000.0
2960,1312.0
2961,746.0
2962,591.0
2963,232.0
2964,232.0
2965,995.0
2966,731.0
2967,630.0
2968,636.0
2969,1007.0
2970,617.0
2971,583.0
2972,232.0
2973,631.0
2974,1294.0
2975,913.0
2976,721.0
2977,1291.0
2978,232.0
2979,223.0
2980,1024.0
2981,1391.0
2982,1227.0
2983,1080.0
2984,1004.0
2985,603.0
2986,232.0
2987,633.0
2988,636.0
2989,617.0
2990,722.0
2991,1302.0
2992,783.0
2993,232.0
2994,735.0
2995,232.0
2996,1108.0
2997,721.0
2998,1031.0
2999,803.0
3000,945.0
3001,232.0
3002,586.0
3003,1024.0
3004,589.0
3005,575.0
3006,225.0
3007,696.0
3008,232.0
3009,968.0
3010,715.0
3011,232.0
3012,714.0
3013,1014.0
3014,636.0
3015,1016.0
3016,1289.0
3017,1108.0
3018,766.0
3019,985.0
3020,805.0
3021,719.0
3022,232.0
3023,693.0
3024,1306.0
3025,600.0
3026,1031.0
3027,1466.0
3028,977.0
3029,582.0
3030,223.0
3031,232.0
3032,636.0
3033,596.0
3034,1289.0
3035,1251.0
3036,635.0
3037,1195.0
3038,670.0
3039,232.0
3040,1792.0
3041,588.0
3042,584.0
3043,225.0
3044,733.0
3045,804.0
3046,1011.0
3047,995.0
3048,607.0
3049,232.0
3050,636.0
3051,1016.0
3052,1023.0
3053,764.0
3054,1306.0
3055,632.0
3056,609.0
3057,1278.0
3058,995.0
3059,232.0
3060,1010.0
3061,789.0
3062,232.0
3063,1017.0
3064,706.0
3065,608.0
3066,633.0
3067,576.0
3068,573.0
3069,603.0
3070,634.0
3071,1269.0
3072,724.0
3073,232.0
3074,632.0
3075,633.0
3076,1297.0
3077,1293.0
3078,217.0
3079,621.0
3080,613.0
3081,1019.0
3082,767.0
3083,1190.0
3084,589.0
3085,957.0
3086,804.0
3087,736.0
3088,636.0
3089,617.0
3090,683.0
3091,718.0
3092,232.0
3093,597.0
3094,1026.0
3095,763.0
3096,232.0
3097,232.0
3098,597.0
3099,635.0
3100,603.0
3101,632.0
3102,603.0
3103,1021.0
3104,750.0
3105,804.0
3106,1034.0
3107,1814.0
3108,699.0
3109,773.0
3110,232.0
3111,1216.0
3112,1293.0
3113,1296.0
3114,636.0
3115,608.0
3116,594.0
3117,719.0
3118,1275.0
3119,737.0
3120,738.0
3121,606.0
3122,782.0
3123,609.0
3124,616.0
3125,754.0
3126,1267.0
3127,223.0
3128,232.0
3129,595.0
3130,216.0
3131,997.0
3132,1284.0
3133,769.0
3134,619.0
3135,771.0
3136,1303.0
3137,1023.0
3138,795.0
3139,232.0
3140,846.0
3141,1308.0
3142,1398.0
3143,1040.0
3144,607.0
3145,222.0
3146,591.0
3147,1295.0
3148,232.0
3149,616.0
3150,1260.0
3151,2598.0
3152,1663.0
3153,616.0
3154,916.0
3155,232.0
3156,609.0
3157,1024.0
3158,711.0
3159,1015.0
3160,582.0
3161,726.0
3162,585.0
3163,1312.0
3164,1280.0
3165,1036.0
3166,1288.0
3167,806.0
3168,1020.0
3169,1016.0
3170,599.0
3171,596.0
3172,976.0
3173,613.0
3174,1410.0
3175,1004.0
3176,1302.0
3177,634.0
3178,576.0
3179,232.0
3180,1027.0
3181,594.0
3182,614.0
3183,964.0
3184,755.0
3185,712.0
3186,589.0
3187,595.0
3188,999.0
3189,232.0
3190,1410.0
3191,1012.0
3192,610.0
3193,634.0
3194,1230.0
3195,232.0
3196,1033.0
3197,804.0
3198,633.0
3199,636.0
3200,232.0
3201,709.0
3202,574.0
3203,1297.0
3204,588.0
3205,700.0
3206,775.0
3207,764.0
3208,232.0
3209,966.0
3210,633.0
3211,603.0
3212,232.0
3213,225.0
3214,773.0
3215,1293.0
3216,616.0
3217,619.0
3218,1278.0
3219,223.0
3220,1303.0
3221,786.0
3222,741.0
3223,804.0
3224,614.0
3225,232.0
3226,708.0
3227,1281.0
3228,765.0
3229,604.0
3230,1011.0
3231,1297.0
3232,594.0
3233,1284.0
3234,1007.0
3235,1050.0
3236,632.0
3237,232.0
3238,1005.0
3239,1277.0
3240,739.0
3241,610.0
3242,1301.0
3243,232.0
3244,232.0
3245,1001.0
3246,1031.0
3247,1043.0
3248,583.0
3249,620.0
3250,634.0
3251,1236.0
3252,1023.0
3253,806.0
3254,630.0
3255,1010.0
3256,634.0
3257,222.0
3258,636.0
3259,613.0
3260,603.0
3261,222.0
3262,634.0
3263,1253.0
3264,772.0
3265,972.0
3266,232.0
3267,1021.0
3268,1009.0
3269,605.0
3270,1264.0
3271,642.0
3272,621.0
3273,688.0
3274,603.0
3275,619.0
3276,633.0
3277,225.0
3278,736.0
3279,1291.0
3280,608.0
3281,232.0
3282,232.0
3283,741.0
3284,727.0
3285,968.0
3286,636.0
3287,225.0
3288,617.0
3289,616.0
3290,747.0
3291,1290.0
3292,1221.0
3293,684.0
3294,1269.0
3295,607.0
3296,790.0
3297,632.0
3298,1290.0
3299,631.0
3300,927.0
3301,631.0
3302,582.0
3303,225.0
3304,734.0
3305,575.0
3306,1265.0
3307,1227.0
3308,603.0
3309,216.0
3310,634.0
3311,222.0
3312,1036.0
3313,1285.0
3314,659.0
3315,663.0
3316,686.0
3317,1282.0
3318,1050.0
3319,987.0
3320,942.0
3321,1620.0
3322,647.0
3323,232.0
3324,968.0
3325,733.0
3326,232.0
3327,603.0
3328,1279.0
3329,600.0
3330,634.0
3331,884.0
3332,1033.0
3333,222.0
3334,1279.0
3335,633.0
3336,718.0
3337,1285.0
3338,778.0
3339,582.0
3340,1272.0
3341,636.0
3342,232.0
3343,767.0
3344,1021.0
3345,782.0
3346,614.0
3347,922.0
3348,1007.0
3349,787.0
3350,725.0
3351,805.0
3352,772.0
3353,232.0
3354,1301.0
3355,632.0
3356,1242.0
3357,764.0
3358,1291.0
3359,768.0
3360,972.0
3361,598.0
3362,723.0
3363,632.0
3364,232.0
3365,621.0
3366,730.0
3367,811.0
3368,707.0
3369,1828.0
3370,1284.0
3371,757.0
3372,1231.0
3373,596.0
3374,1287.0
3375,1041.0
3376,1640.0
3377,222.0
3378,985.0
3379,594.0
3380,636.0
3381,633.0
3382,1028.0
3383,232.0
3384,1031.0
3385,1260.0
3386,216.0
3387,1006.0
3388,576.0
3389,755.0
3390,1303.0
3391,714.0
3392,747.0
3393,2951.0
3394,768.0
3395,968.0
3396,1018.0
3397,1785.0
3398,1892.0
3399,232.0
3400,232.0
3401,1295.0
3402,771.0
3403,1315.0
3404,1038.0
3405,582.0
3406,725.0
3407,1024.0
3408,1033.0
3409,1021.0
3410,967.0
3411,715.0
3412,1651.0
3413,632.0
3414,232.0
3415,1032.0
3416,225.0
3417,1298.0
3418,223.0
3419,1229.0
3420,810.0
3421,216.0
3422,990.0
3423,587.0
3424,709.0
3425,810.0
3426,634.0
3427,721.0
3428,1273.0
3429,1271.0
3430,1288.0
3431,795.0
3432,1298.0
3433,1306.0
3434,1771.0
3435,719.0
3436,786.0
3437,987.0
3438,222.0
3439,745.0
3440,603.0
3441,1002.0
3442,683.0
3443,704.0
3444,739.0
3445,1301.0
3446,1251.0
3447,662.0
3448,772.0
3449,991.0
3450,223.0
3451,632.0
3452,603.0
3453,232.0
3454,1002.0
3455,1007.0
3456,1031.0
3457,600.0
3458,1019.0
3459,1029.0
3460,1816.0
3461,1292.0
3462,1254.0
3463,596.0
3464,683.0
3465,223.0
3466,1234.0
3467,232.0
3468,616.0
3469,721.0
3470,1650.0
3471,632.0
3472,232.0
3473,1788.0
3474,1015.0
3475,1027.0
3476,1309.0
3477,232.0
3478,728.0
3479,742.0
3480,1019.0
3481,596.0
3482,617.0
3483,731.0
3484,232.0
3485,636.0
3486,633.0
3487,1297.0
3488,232.0
3489,989.0
3490,780.0
3491,232.0
3492,615.0
3493,717.0
3494,1365.0
3495,1023.0
3496,1010.0
3497,704.0
3498,630.0
3499,636.0
3500,1020.0
3501,1015.0
3502,995.0
3503,1225.0
3504,1284.0
3505,988.0
3506,232.0
3507,766.0
3508,942.0
3509,699.0
3510,583.0
3511,588.0
3512,633.0
3513,1654.0
3514,786.0
3515,752.0
3516,681.0
3517,232.0
3518,619.0
3519,630.0
3520,1310.0
3521,216.0
3522,1189.0
3523,1364.0
3524,786.0
3525,225.0
3526,614.0
3527,741.0
3528,767.0
3529,1279.0
3530,223.0
3531,599.0
3532,635.0
3533,738.0
3534,1879.0
3535,632.0
3536,1262.0
3537,1007.0
3538,1006.0
3539,621.0
3540,950.0
3541,633.0
3542,577.0
3543,741.0
3544,611.0
3545,633.0
3546,232.0
3547,743.0
3548,1287.0
3549,1280.0
3550,232.0
3551,600.0
3552,600.0
3553,1004.0
3554,981.0
3555,1291.0
3556,846.0
3557,785.0
3558,634.0
3559,777.0
3560,785.0
3561,1014.0
3562,1044.0
3563,1286.0
3564,636.0
3565,1012.0
3566,232.0
3567,1316.0
3568,635.0
3569,630.0
3570,1032.0
3571,809.0
3572,758.0
3573,692.0
3574,1260.0
3575,647.0
3576,1281.0
3577,1013.0
3578,1282.0
3579,232.0
3580,1031.0
3581,605.0
3582,992.0
3583,998.0
3584,1303.0
3585,756.0
3586,631.0
3587,1289.0
3588,1250.0
3589,732.0
3590,232.0
3591,763.0
3592,780.0
3593,1013.0
3594,591.0
3595,225.0
3596,767.0
3597,747.0
3598,996.0
3599,593.0
3600,1305.0
3601,232.0
3602,232.0
3603,1304.0
3604,724.0
3605,1043.0
3606,1103.0
3607,775.0
3608,1307.0
3609,1268.0
3610,1282.0
3611,1009.0
3612,764.0
3613,1269.0
3614,738.0
3615,619.0
3616,629.0
3617,1285.0
3618,1016.0
3619,633.0
3620,3007.0
3621,748.0
3622,763.0
3623,1275.0
3624,1272.0
3625,625.0
3626,1401.0
3627,982.0
3628,1324.0
3629,620.0
3630,616.0
3631,1353.0
3632,605.0
3633,232.0
3634,631.0
3635,232.0
3636,724.0
3637,588.0
3638,232.0
3639,232.0
3640,580.0
3641,948.0
3642,1293.0
3643,1022.0
3644,1016.0
3645,1017.0
3646,1302.0
3647,232.0
3648,232.0
3649,779.0
3650,594.0
3651,723.0
3652,593.0
3653,992.0
3654,1149.0
3655,788.0
3656,2567.0
3657,1530.0
3658,1308.0
3659,1285.0
3660,783.0
3661,590.0
3662,636.0
3663,757.0
3664,1505.0
3665,807.0
3666,1037.0
3667,730.0
3668,1263.0
3669,769.0
3670,1035.0
3671,1313.0
3672,810.0
3673,982.0
3674,232.0
3675,596.0
3676,222.0
3677,1793.0
3678,595.0
3679,611.0
3680,232.0
3681,232.0
3682,588.0
3683,789.0
3684,695.0
3685,225.0
3686,947.0
3687,1043.0
3688,232.0
3689,636.0
3690,789.0
3691,632.0
3692,636.0
3693,607.0
3694,232.0
3695,635.0
3696,635.0
3697,597.0
3698,995.0
3699,784.0
3700,994.0
3701,1016.0
3702,1270.0
3703,1294.0
3704,1291.0
3705,996.0
3706,808.0
3707,632.0
3708,1295.0
3709,1293.0
3710,1311.0
3711,216.0
3712,799.0
3713,1039.0
3714,604.0
3715,635.0
3716,997.0
3717,706.0
3718,1307.0
3719,1045.0
3720,1030.0
3721,797.0
3722,786.0
3723,605.0
3724,1000.0
3725,994.0
3726,773.0
3727,1410.0
3728,923.0
3729,1027.0
3730,232.0
3731,225.0
3732,809.0
3733,992.0
3734,1031.0
3735,232.0
3736,998.0
3737,225.0
3738,217.0
3739,788.0
3740,617.0
3741,614.0
3742,950.0
3743,635.0
3744,1042.0
3745,587.0
3746,602.0
3747,706.0
3748,232.0
3749,633.0
3750,1309.0
3751,1246.0
3752,614.0
3753,1000.0
3754,1313.0
3755,232.0
3756,996.0
3757,737.0
3758,721.0
3759,1235.0
3760,1287.0
3761,1247.0
3762,1291.0
3763,1291.0
3764,636.0
3765,630.0
3766,2980.0
3767,636.0
3768,636.0
3769,1291.0
3770,591.0
3771,1034.0
3772,616.0
3773,622.0
3774,992.0
3775,635.0
3776,983.0
3777,1043.0
3778,1034.0
3779,222.0
3780,622.0
3781,614.0
3782,1028.0
3783,811.0
3784,1045.0
3785,1026.0
3786,1000.0
3787,1308.0
3788,1274.0
3789,766.0
3790,1020.0
3791,576.0
3792,630.0
3793,1261.0
3794,617.0
3795,232.0
3796,232.0
3797,1265.0
3798,1028.0
3799,751.0
3800,596.0
3801,607.0
3802,1322.0
3803,636.0
3804,232.0
3805,225.0
3806,232.0
3807,1512.0
3808,630.0
3809,727.0
3810,1297.0
3811,692.0
3812,604.0
3813,1278.0
3814,232.0
3815,790.0
3816,958.0
3817,991.0
3818,1297.0
3819,232.0
3820,232.0
3821,591.0
3822,748.0
3823,634.0
3824,621.0
3825,636.0
3826,605.0
3827,1526.0
3828,1040.0
3829,216.0
3830,632.0
3831,1043.0
3832,628.0
3833,594.0
3834,747.0
3835,739.0
3836,636.0
3837,808.0
3838,1311.0
3839,222.0
3840,1042.0
3841,1298.0
3842,1295.0
3843,981.0
3844,223.0
3845,608.0
3846,619.0
3847,1020.0
3848,1004.0
3849,1027.0
3850,976.0
3851,583.0
3852,763.0
3853,750.0
3854,633.0
3855,1308.0
3856,232.0
3857,634.0
3858,611.0
3859,769.0
3860,744.0
3861,632.0
3862,619.0
3863,800.0
3864,634.0
3865,232.0
3866,1419.0
3867,602.0
3868,617.0
3869,612.0
3870,597.0
3871,598.0
3872,630.0
3873,232.0
3874,225.0
3875,1197.0
3876,804.0
3877,803.0
3878,616.0
3879,596.0
3880,232.0
3881,582.0
3882,616.0
3883,1018.0
3884,622.0
3885,223.0
3886,636.0
3887,750.0
3888,232.0
3889,590.0
3890,751.0
3891,1036.0
3892,1107.0
3893,1052.0
3894,621.0
3895,1826.0
3896,689.0
3897,802.0
3898,766.0
3899,1773.0
3900,223.0
3901,996.0
3902,1024.0
3903,1002.0
3904,715.0
3905,635.0
3906,617.0
3907,762.0
3908,1031.0
3909,791.0
3910,621.0
3911,592.0
3912,232.0
3913,1304.0
3914,635.0
3915,1311.0
3916,232.0
3917,596.0
3918,590.0
3919,1254.0
3920,1368.0
3921,216.0
3922,232.0
3923,603.0
3924,1278.0
3925,1303.0
3926,1303.0
3927,1288.0
3928,232.0
3929,1268.0
3930,773.0
3931,721.0
3932,699.0
3933,746.0
3934,1032.0
3935,1120.0
3936,1027.0
3937,1292.0
3938,992.0
3939,583.0
3940,763.0
3941,232.0
3942,709.0
3943,600.0
3944,1282.0
3945,632.0
3946,606.0
3947,1298.0
3948,630.0
3949,1022.0
3950,1041.0
3951,1258.0
3952,232.0
3953,596.0
3954,1521.0
3955,1036.0
3956,1304.0
3957,1006.0
3958,797.0
3959,633.0
3960,1282.0
3961,605.0
3962,232.0
3963,615.0
3964,1251.0
3965,598.0
3966,583.0
3967,619.0
3968,1016.0
3969,232.0
3970,1014.0
3971,232.0
3972,630.0
3973,635.0
3974,997.0
3975,633.0
3976,636.0
3977,232.0
3978,998.0
3979,762.0
3980,715.0
3981,719.0
3982,1020.0
3983,774.0
3984,776.0
3985,757.0
3986,761.0
3987,731.0
3988,1022.0
3989,1257.0
3990,232.0
3991,803.0
3992,1043.0
3993,808.0
3994,592.0
3995,1299.0
3996,232.0
3997,232.0
3998,1292.0
3999,805.0
4000,232.0
4001,1298.0
4002,232.0
4003,710.0
4004,634.0
4005,232.0
4006,616.0
4007,1039.0
4008,1025.0
4009,1625.0
4010,232.0
4011,232.0
4012,700.0
4013,636.0
4014,2575.0
4015,786.0
4016,1312.0
4017,785.0
4018,594.0
4019,1308.0
4020,732.0
4021,631.0
4022,630.0
4023,232.0
4024,1040.0
4025,1038.0
4026,623.0
4027,746.0
4028,232.0
4029,598.0
4030,232.0
4031,633.0
4032,634.0
4033,222.0
4034,596.0
4035,232.0
4036,1393.0
4037,589.0
4038,232.0
4039,635.0
4040,1290.0
4041,1026.0
4042,616.0
4043,232.0
4044,979.0
4045,594.0
4046,232.0
4047,603.0
4048,1846.0
4049,1294.0
4050,1020.0
4051,1271.0
4052,719.0
4053,767.0
4054,1533.0
4055,232.0
4056,700.0
4057,593.0
4058,633.0
4059,223.0
4060,1839.0
4061,1282.0
4062,632.0
4063,785.0
4064,1320.0
4065,1666.0
4066,779.0
4067,232.0
4068,1297.0
4069,232.0
4070,994.0
4071,1023.0
4072,606.0
4073,223.0
4074,753.0
4075,590.0
4076,232.0
4077,634.0
4078,632.0
4079,635.0
4080,1025.0
4081,232.0
4082,634.0
4083,713.0
4084,232.0
4085,232.0
4086,766.0
4087,1293.0
4088,599.0
4089,636.0
4090,632.0
4091,1028.0
4092,806.0
4093,216.0
4094,995.0
4095,584.0
4096,232.0
4097,1302.0
4098,998.0
4099,619.0
4100,805.0
4101,622.0
4102,1030.0
4103,1037.0
4104,634.0
4105,232.0
4106,606.0
4107,1259.0
4108,632.0
4109,232.0
4110,804.0
4111,632.0
4112,1023.0
4113,222.0
4114,634.0
4115,636.0
4116,808.0
4117,751.0
4118,1032.0
4119,806.0
4120,785.0
4121,1018.0
4122,731.0
4123,635.0
4124,1037.0
4125,1023.0
4126,806.0
4127,1020.0
4128,718.0
4129,1012.0
4130,765.0
4131,999.0
4132,1005.0
4133,232.0
4134,1308.0
4135,614.0
4136,1269.0
4137,1023.0
4138,585.0
4139,633.0
4140,636.0
4141,612.0
4142,766.0
4143,600.0
4144,232.0
4145,222.0
4146,607.0
4147,232.0
4148,783.0
4149,1024.0
4150,1805.0
4151,631.0
4152,1246.0
4153,636.0
4154,657.0
4155,607.0
4156,634.0
4157,634.0
4158,232.0
4159,1006.0
4160,792.0
4161,601.0
4162,783.0
4163,636.0
4164,715.0
4165,595.0
4166,1878.0
4167,706.0
4168,232.0
4169,953.0
4170,777.0
4171,232.0
4172,617.0
4173,617.0
4174,1257.0
4175,1490.0
4176,780.0
4177,232.0
4178,635.0
4179,225.0
4180,589.0
4181,636.0
4182,232.0
4183,592.0
4184,232.0
4185,232.0
4186,1227.0
4187,632.0
4188,963.0
4189,232.0
4190,768.0
4191,748.0
4192,232.0
4193,225.0
4194,1015.0
4195,610.0
4196,716.0
4197,1007.0
4198,632.0
4199,232.0
4200,232.0
4201,759.0
4202,1026.0
4203,1305.0
4204,731.0
4205,989.0
4206,992.0
4207,1306.0
4208,757.0
4209,737.0
4210,623.0
4211,232.0
4212,1297.0
4213,621.0
4214,610.0
4215,1028.0
4216,610.0
4217,232.0
4218,232.0
4219,802.0
4220,1274.0
4221,610.0
4222,1286.0
4223,782.0
4224,697.0
4225,232.0
4226,981.0
4227,1665.0
4228,1301.0
4229,1875.0
4230,610.0
4231,764.0
4232,1031.0
4233,582.0
4234,232.0
4235,232.0
4236,607.0
4237,802.0
4238,700.0
4239,622.0
4240,620.0
4241,1791.0
4242,603.0
4243,222.0
4244,616.0
4245,600.0
4246,1275.0
4247,634.0
4248,232.0
4249,974.0
4250,634.0
4251,232.0
4252,752.0
4253,1002.0
4254,804.0
4255,225.0
4256,232.0
4257,1027.0
4258,634.0
4259,603.0
4260,1266.0
4261,1404.0
4262,612.0
4263,634.0
4264,597.0
4265,232.0
4266,636.0
4267,715.0
4268,225.0
4269,216.0
4270,232.0
4271,634.0
4272,232.0
4273,591.0
4274,1240.0
4275,1242.0
4276,1040.0
4277,232.0
4278,225.0
4279,630.0
4280,589.0
4281,634.0
4282,622.0
4283,1008.0
4284,1286.0
4285,1287.0
4286,1019.0
4287,1027.0
4288,608.0
4289,630.0
4290,700.0
4291,232.0
4292,743.0
4293,721.0
4294,1025.0
4295,631.0
4296,232.0
4297,632.0
4298,232.0
4299,591.0
4300,636.0
4301,1247.0
4302,1862.0
4303,769.0
4304,589.0
4305,594.0
4306,1011.0
4307,1025.0
4308,1312.0
4309,771.0
4310,581.0
4311,756.0
4312,1299.0
4313,1029.0
4314,732.0
4315,600.0
4316,632.0
4317,1035.0
4318,1049.0
4319,1304.0
4320,1284.0
4321,1032.0
4322,1821.0
4323,1323.0
4324,986.0
4325,1021.0
4326,232.0
4327,232.0
4328,583.0
4329,1525.0
4330,810.0
4331,599.0
4332,623.0
4333,1303.0
4334,608.0
4335,635.0
4336,232.0
4337,721.0
4338,232.0
4339,232.0
4340,748.0
4341,1025.0
4342,232.0
4343,996.0
4344,616.0
4345,232.0
4346,1038.0
4347,1313.0
4348,695.0
4349,1012.0
4350,634.0
4351,635.0
4352,635.0
4353,636.0
4354,719.0
4355,799.0
4356,715.0
4357,634.0
4358,1655.0
4359,582.0
4360,596.0
4361,965.0
4362,602.0
4363,744.0
4364,1284.0
4365,809.0
4366,1034.0
4367,634.0
4368,1023.0
4369,760.0
4370,1267.0
4371,1009.0
4372,223.0
4373,631.0
4374,787.0
4375,1009.0
4376,1313.0
4377,614.0
4378,636.0
4379,1014.0
4380,596.0
4381,217.0
4382,584.0
4383,805.0
4384,1009.0
4385,1002.0
4386,999.0
4387,225.0
4388,775.0
4389,788.0
4390,1030.0
4391,632.0
4392,717.0
4393,232.0
4394,1269.0
4395,588.0
4396,616.0
4397,1283.0
4398,1038.0
4399,745.0
4400,603.0
4401,1296.0
4402,1534.0
4403,1654.0
4404,1394.0
4405,1289.0
4406,619.0
4407,232.0
4408,225.0
4409,1396.0
4410,636.0
4411,1027.0
4412,1278.0
4413,604.0
4414,1307.0
4415,733.0
4416,603.0
4417,232.0
4418,611.0
4419,636.0
4420,232.0
4421,732.0
4422,616.0
4423,755.0
4424,1032.0
4425,768.0
4426,1015.0
4427,631.0
4428,634.0
4429,1840.0
4430,804.0
4431,232.0
4432,1266.0
4433,810.0
4434,1289.0
4435,634.0
4436,1291.0
4437,232.0
4438,594.0
4439,701.0
4440,633.0
4441,1004.0
4442,708.0
4443,232.0
4444,696.0
4445,1301.0
4446,1263.0
4447,781.0
4448,984.0
4449,785.0
4450,762.0
4451,634.0
4452,1020.0
4453,634.0
4454,232.0
4455,232.0
4456,1315.0
4457,1291.0
4458,636.0
4459,988.0
4460,635.0
4461,644.0
4462,604.0
4463,1602.0
4464,632.0
4465,1042.0
4466,1474.0
4467,724.0
4468,1017.0
4469,1035.0
4470,1314.0
4471,1048.0
4472,714.0
4473,614.0
4474,1289.0
4475,232.0
4476,1011.0
4477,740.0
4478,724.0
4479,232.0
4480,1406.0
4481,1301.0
4482,1521.0
4483,789.0
4484,600.0
4485,634.0
4486,708.0
4487,232.0
4488,1289.0
4489,232.0
4490,631.0
4491,1022.0
4492,232.0
4493,614.0
4494,1301.0
4495,1011.0
4496,629.0
4497,630.0
4498,619.0
4499,1311.0
4500,1249.0
4501,1021.0
4502,1030.0
4503,633.0
4504,589.0
4505,216.0
4506,778.0
4507,1297.0
4508,1291.0
4509,1040.0
4510,232.0
4511,1315.0
4512,602.0
4513,1006.0
4514,1040.0
4515,1295.0
4516,1033.0
4517,216.0
4518,786.0
4519,636.0
4520,812.0
4521,1038.0
4522,634.0
4523,1293.0
4524,633.0
4525,683.0
4526,1040.0
4527,611.0
4528,788.0
4529,232.0
4530,786.0
4531,1300.0
4532,1031.0
4533,632.0
4534,599.0
4535,618.0
4536,1276.0
4537,633.0
4538,1504.0
4539,1008.0
4540,633.0
4541,636.0
4542,232.0
4543,611.0
4544,636.0
4545,232.0
4546,582.0
4547,1007.0
4548,1827.0
4549,729.0
4550,1009.0
4551,594.0
4552,225.0
4553,216.0
4554,1284.0
4555,734.0
4556,608.0
4557,603.0
4558,609.0
4559,232.0
4560,232.0
4561,739.0
4562,984.0
4563,632.0
4564,1003.0
4565,609.0
4566,753.0
4567,589.0
4568,752.0
4569,222.0
4570,706.0
4571,804.0
4572,805.0
4573,580.0
4574,616.0
4575,576.0
4576,808.0
4577,1653.0
4578,232.0
4579,1330.0
4580,721.0
4581,574.0
4582,1280.0
4583,721.0
4584,741.0
4585,787.0
4586,1383.0
4587,715.0
4588,1635.0
4589,1298.0
4590,1295.0
4591,225.0
4592,1250.0
4593,232.0
4594,1038.0
4595,232.0
4596,1538.0
4597,989.0
4598,225.0
4599,630.0
4600,1302.0
4601,1029.0
4602,754.0
4603,581.0
4604,1272.0
4605,1302.0
4606,705.0
4607,232.0
4608,232.0
4609,1284.0
4610,1271.0
4611,1005.0
4612,606.0
4613,1046.0
4614,728.0
4615,2978.0
4616,636.0
4617,724.0
4618,1274.0
4619,1359.0
4620,1047.0
4621,636.0
4622,217.0
4623,232.0
4624,1025.0
4625,222.0
4626,706.0
4627,636.0
4628,1028.0
4629,737.0
4630,710.0
4631,232.0
4632,232.0
4633,737.0
4634,999.0
4635,1043.0
4636,588.0
4637,1288.0
4638,905.0
4639,621.0
4640,223.0
4641,619.0
4642,232.0
4643,1281.0
4644,1036.0
4645,1409.0
4646,603.0
4647,1008.0
4648,600.0
4649,757.0
4650,225.0
4651,1867.0
4652,806.0
4653,1049.0
4654,718.0
4655,1362.0
4656,737.0
4657,763.0
4658,1011.0
4659,631.0
4660,1290.0
4661,994.0
4662,741.0
4663,747.0
4664,1017.0
4665,605.0
4666,719.0
4667,966.0
4668,701.0
4669,2300.0
4670,997.0
4671,632.0
4672,1029.0
4673,997.0
4674,722.0
4675,704.0
4676,634.0
4677,1021.0
4678,232.0
4679,777.0
4680,808.0
4681,636.0
4682,1741.0
4683,697.0
4684,724.0
4685,632.0
4686,977.0
4687,1394.0
4688,1033.0
4689,1847.0
4690,232.0
4691,1270.0
4692,1020.0
4693,594.0
4694,1119.0
4695,1047.0
4696,789.0
4697,1529.0
4698,1388.0
4699,790.0
4700,614.0
4701,1021.0
4702,225.0
4703,232.0
4704,586.0
4705,232.0
4706,1020.0
4707,1029.0
4708,634.0
4709,1285.0
4710,716.0
4711,634.0
4712,634.0
4713,1290.0
4714,1300.0
4715,634.0
4716,232.0
4717,1405.0
4718,632.0
4719,631.0
4720,1116.0
4721,588.0
4722,1105.0
4723,225.0
4724,588.0
4725,636.0
4726,633.0
4727,1013.0
4728,1005.0
4729,225.0
4730,622.0
4731,630.0
4732,225.0
4733,787.0
4734,633.0
4735,1026.0
4736,997.0
4737,1039.0
4738,632.0
4739,980.0
4740,762.0
4741,1289.0
4742,1015.0
4743,232.0
4744,1587.0
4745,761.0
4746,2310.0
4747,632.0
4748,1280.0
4749,610.0
4750,1043.0
4751,600.0
4752,962.0
4753,1273.0
4754,612.0
4755,1644.0
4756,729.0
4757,1301.0
4758,1312.0
4759,1036.0
4760,1030.0
4761,1034.0
4762,1022.0
4763,631.0
4764,1287.0
4765,605.0
4766,751.0
4767,1269.0
4768,1287.0
4769,609.0
4770,632.0
4771,753.0
4772,232.0
4773,607.0
4774,737.0
4775,1272.0
4776,608.0
4777,744.0
4778,705.0
4779,690.0
4780,1025.0
4781,616.0
4782,597.0
4783,1306.0
4784,617.0
4785,693.0
4786,968.0
4787,1375.0
4788,1020.0
4789,1039.0
4790,712.0
4791,1274.0
4792,714.0
4793,1027.0
4794,232.0
4795,1290.0
4796,609.0
4797,636.0
4798,698.0
4799,588.0
4800,1296.0
4801,596.0
4802,1309.0
4803,747.0
4804,622.0
4805,1002.0
4806,1308.0
4807,724.0
4808,727.0
4809,687.0
4810,232.0
4811,577.0
4812,232.0
4813,609.0
4814,609.0
4815,232.0
4816,619.0
4817,603.0
4818,1004.0
4819,743.0
4820,730.0
4821,603.0
4822,725.0
4823,232.0
4824,1041.0
4825,633.0
4826,1295.0
4827,1296.0
4828,703.0
4829,740.0
4830,600.0
4831,777.0
4832,776.0
4833,788.0
4834,596.0
4835,1005.0
4836,750.0
4837,1278.0
4838,216.0
4839,1022.0
4840,1033.0
4841,225.0
4842,728.0
4843,1025.0
4844,733.0
4845,727.0
4846,1309.0
4847,1028.0
4848,1303.0
4849,795.0
4850,617.0
4851,976.0
4852,736.0
4853,1021.0
4854,759.0
4855,232.0
4856,1010.0
4857,983.0
4858,1284.0
4859,1264.0
4860,587.0
4861,766.0
4862,630.0
4863,597.0
4864,1027.0
4865,714.0
4866,741.0
4867,232.0
4868,725.0
4869,758.0
4870,1005.0
4871,768.0
4872,634.0
4873,632.0
4874,976.0
4875,1288.0
4876,765.0
4877,951.0
4878,636.0
4879,634.0
4880,2304.0
4881,1547.0
4882,1017.0
4883,1301.0
4884,232.0
4885,1000.0
4886,232.0
4887,607.0
4888,578.0
4889,630.0
4890,689.0
4891,582.0
4892,1020.0
4893,607.0
4894,1302.0
4895,1031.0
4896,577.0
4897,635.0
4898,232.0
4899,1249.0
4900,596.0
4901,635.0
4902,632.0
4903,616.0
4904,694.0
4905,1290.0
4906,232.0
4907,593.0
4908,1243.0
4909,634.0
4910,632.0
4911,603.0
4912,698.0
4913,1275.0
4914,608.0
4915,611.0
4916,1021.0
4917,1279.0
4918,232.0
4919,802.0
4920,744.0
4921,232.0
4922,591.0
4923,1873.0
4924,596.0
4925,1315.0
4926,760.0
4927,1027.0
4928,616.0
4929,1030.0
4930,616.0
4931,759.0
4932,232.0
4933,621.0
4934,786.0
4935,1025.0
4936,1036.0
4937,980.0
4938,1299.0
4939,619.0
4940,1005.0
4941,1884.0
4942,1284.0
4943,636.0
4944,1295.0
4945,1031.0
4946,1000.0
4947,1294.0
4948,1037.0
4949,1035.0
4950,1031.0
4951,1030.0
4952,232.0
4953,1306.0
4954,1044.0
4955,1010.0
4956,752.0
4957,1624.0
4958,1020.0
4959,776.0
4960,1011.0
4961,756.0
4962,1301.0
4963,605.0
4964,634.0
4965,1034.0
4966,1048.0
4967,1300.0
4968,1029.0
4969,232.0
4970,1032.0
4971,633.0
4972,1392.0
4973,1028.0
4974,232.0
4975,1040.0
4976,759.0
4977,630.0
4978,232.0
4979,232.0
4980,614.0
4981,1045.0
4982,1857.0
4983,784.0
4984,1308.0
4985,1269.0
4986,997.0
4987,784.0
4988,801.0
4989,1307.0
4990,991.0
4991,657.0
4992,636.0
4993,1007.0
4994,1286.0
4995,588.0
4996,1294.0
4997,1401.0
4998,633.0
4999,1029.0
5000,978.0
